Salutation,Teacher Name,Email
Ms.,Emily Carter,emily.carter@dropletschool.co.uk
Mr.,David Rodriguez,david.rodriguez@dropletschool.co.uk
Mrs.,Sarah Thompson,sarah.thompson@dropletschool.co.uk
Mr.,John Wilson,john.wilson@dropletschool.co.uk
Ms.,Jessica Perez,jessica.perez@dropletschool.co.uk
Mr.,Michael Davis,michael.davis@dropletschool.co.uk
Mrs.,Amanda Garcia,amanda.garcia@dropletschool.co.uk
Mr.,Christopher Martinez,christopher.martinez@dropletschool.co.uk
Ms.,Stephanie Anderson,stephanie.anderson@dropletschool.co.uk
Mr.,Brian Taylor,brian.taylor@dropletschool.co.uk
Mrs.,Nicole Moore,nicole.moore@dropletschool.co.uk
Mr.,Kevin Jackson,kevin.jackson@dropletschool.co.uk
Ms.,Jennifer White,jennifer.white@dropletschool.co.uk
Mr.,Timothy Harris,timothy.harris@dropletschool.co.uk
Mrs.,Melissa Martin,melissa.martin@dropletschool.co.uk
Mr.,Jason Thompson,jason.thompson@dropletschool.co.uk
Ms.,Rebecca Perez,rebecca.perez@dropletschool.co.uk
Mr.,Adam Hall,adam.hall@dropletschool.co.uk
Mrs.,Kimberly Young,kimberly.young@dropletschool.co.uk
Mr.,Gregory Allen,gregory.allen@dropletschool.co.uk